Id,Name
1,JAY
20,VIKRANT
1,jay
1,jay
1,jay
1,jay
1,jay
1,jay
1,jay
1,jay
1,jayq
1,jay
1,jay
1,jay
1,jay
1,jay
1,jay
1,jay
1,jay
1,jay
1,jay
1,jay
1,jay
1,jay
1,jay
1,jay
1,jay
1,jay
1,jay
1,jay
2,kay
3,p
4,n
2,j
2,j
2,j
1,jay
1,lk
5,jj
55,kk
5,dd
1,ja
5,gg
1,ja
1,j
1,f
1,j
1,k
1,j
1,jay
1,h
1,j
1,ja
1,j
1,j
1,jay
1,k
1,j
1,j
1,j
2,jay
1,aa
1,j
1,kay
1,jay
1,jay
1,k
1,ll
1,zz
8,pan
1,kcjk
1,j
1,kay
1,kkk
2,kay
2,kay
1,jay
1,jay
11,kat
2,j
2,j
2,ff
2,ff
2,ha
1,jay
1,jay
1,jay
2,fa
1,dd
2,ddd
1,jat
1,fff
1,fff
4,ghh
1,ddfd
1,ddfd
2,fdf
33,rg
2,hh
2,hh
2,hhjjj
2,ddd
2,jay
2,jay
2,jay
22,dfd
1,fff
1,kkk
2,dd
2,dd
1,ss
2,ccc
2,sssss
2,vvv
1,ddf
1,jaylk
5,gg
3,kkk
3,ff
3,fffff
33,ff
1,dd
1,dd
22,qq
2,ff
1,dd
1,gg
2,jk
44,gg
2,gg
2,jay
3,kay
4,gg
1,salman
2,sharukh
3,alia
1,salman
1,salman
2,alia
1,alia
2,priyanka
1,j
2,hhh
2,hhh
2,hhh
2,hhh
2,hhh
3,rr
5,kk
99,jk
4,ff
1,jaykishan
1,jay
1,jay
1,jaykishan
1,jaykishanpan
1,god
1,jayhero
1,jay
1,jay
1,jayishero
3,kkk
1,jay
1,jj
1,jay
1,f
1,jay
1,jay
2,kay
5,kishan
1,jay
1,jay
5,tom
6,kishan
1,kisahnpan
1,jay
2,jay
3,jay
1,jay
1,jay
1,jay
1,jay
1,kishanpan
1,jay
